Word,Cost,Clicks,Impressions,Conversions,Top Containing Queries
pigeon,₹183.89,7,50,0.00,"(pigeon net installation, pigeon net installation near me, pigeon safety nets)"
net,₹105.85,3,41,0.00,"(pigeon net installation, pigeon net installation near me, pigeon net for balcony)"
balcony,₹27.34,1,38,0.00,"(balcony safety nets, pigeon net for balcony, balcony net installation near me)"
nets,₹110.07,5,35,0.00,"(balcony safety nets, pigeon safety nets, pigeon nets in hyderabad)"
safety,₹78.81,3,31,0.00,"(balcony safety nets, pigeon safety nets, balcony safety net)"
near me,₹76.38,2,22,0.00,"(pigeon net installation near me, balcony net installation near me, balcony net near me)"
net installation,₹49.04,1,19,0.00,"(pigeon net installation, pigeon net installation near me, pigeon net installation hyderabad)"
hyderabad,₹66.08,3,18,0.00,"(pigeon net installation hyderabad, pigeon nets in hyderabad, balcony nets in hyderabad)"
for,₹27.34,1,16,0.00,"(pigeon net for balcony, pigeon mesh for balcony, pigeon net for balcony near me)"
in,₹45.48,2,9,0.00,"(pigeon nets in hyderabad, balcony nets in hyderabad, invisible grills in hyderabad)"
invisible,₹0.00,0,5,0.00,"(invisible grills hyderabad, invisible grill for balcony price, invisible grill hyderabad)"
mesh,₹0.00,0,5,0.00,"(pigeon mesh for balcony, mesh for balcony, mesh for pigeons)"
price,₹0.00,0,3,0.00,"(invisible grill for balcony price, pigeon net price, safety nets price)"
cost,₹28.21,1,3,0.00,"(pigeon net cost, pigeon net installation cost, pigeon nets for balconies cost)"
invisible grills,₹0.00,0,3,0.00,"(invisible grills hyderabad, invisible grills in hyderabad)"
kabutar jali,₹0.00,0,3,0.00,"(kabutar jali, kabutar jali near me)"
invisible grill,₹0.00,0,2,0.00,"(invisible grill for balcony price, invisible grill hyderabad)"
construction,₹28.60,1,2,0.00,"(building construction net, construction safety net)"
spikes,₹0.00,0,2,0.00,(pigeon spikes near me)
pigeons,₹31.12,1,2,0.00,"(how to get rid of pigeons naturally, mesh for pigeons)"
lucky,₹0.00,0,1,0.00,(lucky safety nets)
balconies,₹0.00,0,1,0.00,(pigeon nets for balconies cost)
rid,₹31.12,1,1,0.00,(how to get rid of pigeons naturally)
sun,₹0.00,0,1,0.00,(sun shade for balcony)
building,₹0.00,0,1,0.00,(building construction net)
anti,₹0.00,0,1,0.00,(anti pigeon net)
how,₹31.12,1,1,0.00,(how to get rid of pigeons naturally)
naturally,₹31.12,1,1,0.00,(how to get rid of pigeons naturally)
railing,₹0.00,0,1,0.00,(balcony railing child safety)
get,₹31.12,1,1,0.00,(how to get rid of pigeons naturally)
of,₹31.12,1,1,0.00,(how to get rid of pigeons naturally)
catch,₹0.00,0,1,0.00,(catch net size)
shade,₹0.00,0,1,0.00,(sun shade for balcony)
services,₹17.17,1,1,0.00,(pigeon removal services)
mosquito,₹0.00,0,1,0.00,(mosquito net installation in balcony)
installer,₹0.00,0,1,0.00,(pigeon net installer near me)
size,₹0.00,0,1,0.00,(catch net size)
removal,₹17.17,1,1,0.00,(pigeon removal services)
to,₹31.12,1,1,0.00,(how to get rid of pigeons naturally)
fitting,₹0.00,0,1,0.00,(pigeon net fitting near me)
child,₹0.00,0,1,0.00,(balcony railing child safety)
