Search,Cost,Clicks,Impressions,Conversions
balcony safety nets,₹0.00,0,9,0.00
pigeon net installation,₹0.00,0,5,0.00
pigeon net installation near me,₹49.04,1,5,0.00
pigeon safety nets,₹0.00,0,5,0.00
pigeon net for balcony,₹0.00,0,3,0.00
pigeon net installation hyderabad,₹0.00,0,3,0.00
pigeon nets in hyderabad,₹15.87,1,3,0.00
balcony net installation near me,₹0.00,0,2,0.00
balcony net near me,₹0.00,0,2,0.00
balcony nets in hyderabad,₹0.00,0,2,0.00
balcony safety net,₹0.00,0,2,0.00
balcony safety nets hyderabad,₹0.00,0,2,0.00
invisible grills hyderabad,₹0.00,0,2,0.00
kabutar jali,₹0.00,0,2,0.00
net installation near me,₹0.00,0,2,0.00
pigeon mesh for balcony,₹0.00,0,2,0.00
pigeon net for balcony near me,₹0.00,0,2,0.00
pigeon nets,₹16.65,1,2,0.00
pigeon nets for balcony,₹0.00,0,2,0.00
pigeon safety nets near me,₹0.00,0,2,0.00
pigeon spikes near me,₹0.00,0,2,0.00
safety,₹0.00,0,2,0.00
anti pigeon net,₹0.00,0,1,0.00
balcony net,₹0.00,0,1,0.00
balcony pigeon net,₹0.00,0,1,0.00
balcony railing child safety,₹0.00,0,1,0.00
balcony safety nets near me,₹0.00,0,1,0.00
building construction net,₹0.00,0,1,0.00
catch net size,₹0.00,0,1,0.00
construction safety net,₹28.60,1,1,0.00
how to get rid of pigeons naturally,₹31.12,1,1,0.00
hyderabad safety nets,₹20.60,1,1,0.00
invisible grill for balcony price,₹0.00,0,1,0.00
invisible grill hyderabad,₹0.00,0,1,0.00
invisible grills in hyderabad,₹0.00,0,1,0.00
kabutar jali near me,₹0.00,0,1,0.00
lucky safety nets,₹0.00,0,1,0.00
mesh for balcony,₹0.00,0,1,0.00
mesh for pigeons,₹0.00,0,1,0.00
mosquito net installation in balcony,₹0.00,0,1,0.00
net for balcony,₹0.00,0,1,0.00
pigeon mesh,₹0.00,0,1,0.00
pigeon net,₹0.00,0,1,0.00
pigeon net cost,₹28.21,1,1,0.00
pigeon net fitting near me,₹0.00,0,1,0.00
pigeon net installation cost,₹0.00,0,1,0.00
pigeon net installer near me,₹0.00,0,1,0.00
pigeon net price,₹0.00,0,1,0.00
pigeon nets for balconies cost,₹0.00,0,1,0.00
pigeon nets for balcony near me,₹27.34,1,1,0.00
pigeon removal services,₹17.17,1,1,0.00
pigeon safety net hyderabad,₹0.00,0,1,0.00
pigeon safety nets in hyderabad,₹29.61,1,1,0.00
safety nets in hyderabad,₹0.00,0,1,0.00
safety nets price,₹0.00,0,1,0.00
sun shade for balcony,₹0.00,0,1,0.00
