keyword,reason,action
pigeon net hyderabad,High spend with no recorded conversions in export,Pause or move to observation with lower bids
pigeon net for balcony near me,High spend with no recorded conversions in export,Pause or move to observation with lower bids
pigeon net for balcony,High spend with no recorded conversions in export,Pause or move to observation with lower bids
pigeon net cost,High spend with no recorded conversions in export,Pause or move to observation with lower bids
pigeon net installation near me,High spend with no recorded conversions in export,Pause or move to observation with lower bids
pigeon net installation,High spend with no recorded conversions in export,Pause or move to observation with lower bids
window net,High spend with no recorded conversions in export,Pause or move to observation with lower bids
balcony safety net hyderabad,High spend with no recorded conversions in export,Pause or move to observation with lower bids
,High spend with no recorded conversions in export,Pause or move to observation with lower bids
